Card number,Date_Reg,Mail,Phone,FIO,Gender,City
20644694822405787409,2024-10-31,bmarkova@example.net,8 (817) 815-36-22,Горшков Лавр Вилорович,Male,с. Балашов
90332683421697495646,2024-05-11,sergeevstanimir@example.org,8 107 618 1990,Ирина Михайловна Фролова,Female,ст. Нефтегорск (Самар.)
19759194929842264599,2024-11-01,kuprijan_1971@example.net,8 (160) 947-68-05,Радован Устинович Громов,Male,с. Троицко-Печорск
13291586918752876483,2024-02-13,ribakovtverdislav@example.com,8 (345) 367-1466,Лора Альбертовна Кузьмина,Female,ст. Кажим
73408048024823136619,2024-12-13,darja_1979@example.net,8 877 204 38 23,Григорий Аксёнович Лебедев,Male,к. Алапаевск
75517139494190093414,2024-09-10,vladilen_24@example.net,+7 (005) 785-2942,г-жа Белякова Регина Олеговна,Female,с. Сеймчан
76029928536929789600,2024-08-23,jkalashnikov@example.org,+7 907 554 8818,Белова Майя Харитоновна,Female,г. Дудинка
02104666565713221893,2024-03-01,nikon_07@example.org,+7 411 257 9583,Макарова Евгения Павловна,Female,г. Луховицы
85496145155822140374,2024-02-02,kapustinprov@example.org,+7 (166) 954-0041,Изот Трифонович Шубин,Male,д. Печора
81397328278058189017,2024-06-22,anisimovgerasim@example.com,+76654919557,Октябрина Григорьевна Пестова,Female,п. Ахтубинск
13647421313001921513,2024-01-13,narkis_21@example.com,8 224 352 2833,Беспалова Лариса Ждановна,Female,к. Ессентуки
04222786144467850311,2024-11-02,titguljaev@example.com,+78501714225,Блохина Жанна Константиновна,Female,с. Новый Уренгой
97476039209214569359,2024-05-13,mgorbachev@example.net,+7 (989) 618-6818,Медведева Ксения Вячеславовна,Female,с. Данков
46819384790771025484,2024-05-30,vasili93@example.org,8 (316) 602-75-70,Сократ Харлампьевич Поляков,Male,к. Гудермес
07953858357680084857,2024-04-05,eduardkiselev@example.org,8 763 345 0314,Тетерин Леон Анисимович,Male,г. Хасан
77720320919349352427,2024-11-20,blohinaalevtina@example.net,+7 (774) 064-3828,Тимофеев Ладимир Ярославович,Male,п. Березники
03814760286222157841,2024-01-20,petuhovjaropolk@example.com,8 734 028 75 25,Владимир Димитриевич Смирнов,Male,клх Калевала
15247184221915704297,2024-06-06,leonid2012@example.org,+72449675939,Октябрина Богдановна Дорофеева,Female,с. Вендинга
24663159291767243103,2024-06-03,panfilovserge@example.org,+7 529 717 52 98,Климент Викторович Соболев,Male,д. Апатиты
74925847333115187599,2024-08-16,petrovbronislav@example.org,8 (410) 808-9458,Панкратий Викторович Егоров,Male,п. Черусти
38154817507648774651,2024-08-25,mechislavzhukov@example.com,8 (374) 229-56-65,Богдан Борисович Королев,Male,г. Бугульма
29434852678451958640,2024-10-26,gordeevfrol@example.net,+78244568032,Софон Харлампович Мартынов,Male,клх Троицко-Печорск
50799661239916583696,2024-11-27,evse_08@example.org,8 642 347 0133,Анжелика Даниловна Белозерова,Female,с. Соликамск
91840600125867328216,2024-05-20,efimovavde@example.net,+7 (265) 900-40-22,Пахомов Феофан Антонович,Male,к. Губкин
69465666144330223071,2024-02-25,yignatov@example.net,8 (323) 887-2195,Беляев Изот Фролович,Male,г. Малоярославец
08020651809941121155,2024-03-20,varlaam46@example.com,8 903 506 1914,Кондратьева Агафья Натановна,Female,п. Серебряные Пруды
46268947514061646244,2024-01-08,vadim18@example.com,+7 (907) 910-2790,Серафим Фокич Лобанов,Male,с. Саянск
50520237420982210023,2024-04-02,ermil1975@example.org,+7 (515) 814-63-34,Герасим Матвеевич Тетерин,Male,к. Архыз
90947397264816725339,2024-01-26,trofim2018@example.org,81102067465,Дмитрий Вилорович Горшков,Male,с. Кировск (Мурм.)
08995301749552967598,2024-07-02,zhukovgennadi@example.com,8 (271) 346-1924,Власов Матвей Жоресович,Male,д. Ямбург
58123855198309755416,2024-01-13,zhuravlevtvorimir@example.com,8 228 267 3410,Ладимир Валерьевич Соболев,Male,с. Воскресенск
57795003966909169258,2024-11-18,alina1977@example.org,+7 (169) 546-0726,Фадей Феликсович Ефимов,Male,к. Каргополь
96805511945525673102,2024-12-01,mir_52@example.org,8 (682) 108-64-86,Ирина Дмитриевна Гуляева,Female,клх Агата
50259360421529793359,2024-11-26,lavrenti_77@example.com,+7 (912) 294-5768,Якушев Селиван Викторович,Male,п. Буйнакск
55257567603957861672,2024-02-22,ekaterina_12@example.net,8 396 819 40 49,Суханов Семен Вячеславович,Male,ст. Адыгейск
91788385067783083218,2024-08-06,konstantin36@example.org,8 248 653 65 29,Зайцева Евпраксия Игоревна,Female,клх Архыз
35841846563799307522,2024-04-27,fmaslova@example.com,+7 (117) 492-13-79,Вера Робертовна Бурова,Female,клх Горячий Ключ
56782936980317688689,2024-06-26,stepanovapolina@example.com,+72298921099,Чеслав Феофанович Мясников,Male,клх Тольятти
94467173768060093659,2024-06-23,georgisokolov@example.com,8 (703) 395-12-17,Анисим Егорович Кузнецов,Male,клх Оленегорск (Якут.)
82572574740024827275,2024-12-27,samuil_1977@example.org,8 907 808 9877,Галина Захаровна Баранова,Female,клх Оса
81419840561642350767,2024-04-19,agapshcherbakov@example.com,8 (957) 780-50-67,Белоусова Алевтина Владиславовна,Female,п. Псков
01016006355135205061,2024-05-15,martjan2018@example.com,8 773 759 4960,Наумов Никандр Герасимович,Male,п. Морозовск
46206909547780503051,2024-04-11,tretjakovaolimpiada@example.org,+7 (270) 115-0557,Соловьева Фаина Степановна,Female,ст. Томск
69785263919604793801,2024-07-30,birjukovdavid@example.org,8 (306) 901-25-47,Фотий Ааронович Осипов,Male,г. Сунтар
46194781582170144943,2024-07-04,guljaevamarina@example.com,+7 (282) 531-88-64,Зиновий Ааронович Орлов,Male,п. Нязепетровск
72468152819042563018,2024-09-30,anike_2024@example.net,+7 (173) 575-5437,Дарья Святославовна Исакова,Female,к. Цимлянск
48666088983620657734,2024-04-30,svetlana_55@example.com,+7 793 730 56 11,Ильина Ангелина Валентиновна,Female,г. Данков
42820056299929761363,2024-05-23,rogovtaras@example.org,84778778504,Доронин Остромир Харламович,Male,г. Новгород Великий
47667126419936805932,2024-11-08,jvishnjakova@example.org,+77286471059,Фомин Мокей Авдеевич,Male,п. Усть-Баргузин
27674737371817343706,2024-09-19,poljakovnazar@example.net,8 (613) 481-66-99,Кириллова Милица Борисовна,Female,п. Холмогоры
79798218163983951832,2024-02-07,dementi1981@example.com,+7 (184) 930-7104,Иосиф Антипович Калашников,Male,к. Домбай
99169257980272157856,2024-12-25,gerasimovaverki@example.com,+7 (474) 257-7893,Наталья Кирилловна Гусева,Female,к. Норильск
39449566472391664129,2024-06-13,gorshkovevlampi@example.org,+76852597732,Фирс Витальевич Орлов,Male,к. Сеймчан
41053624442827972236,2024-04-06,anisimovamvrosi@example.org,+7 (934) 588-9613,Любовь Вячеславовна Белякова,Female,п. Когалым
09856628902745776340,2024-02-22,nikolaevaanzhelika@example.org,+7 (329) 990-68-29,Юдина Галина Михайловна,Female,г. Баксан
70385428519464617586,2024-04-10,krasilnikovalekse@example.com,8 859 804 08 77,Никонов Эраст Васильевич,Male,г. Елец
02506633156754791818,2024-10-11,gorshkoverast@example.net,+7 (613) 676-7325,Федосеева Елизавета Павловна,Female,с. Южно-Курильск
89892098107576986237,2024-08-05,galina1992@example.org,82727459948,Любовь Степановна Рыбакова,Female,ст. Тотьма
42799484006709281555,2024-09-01,jakovlevgerasim@example.net,8 307 609 27 76,Мясникова Октябрина Ивановна,Female,п. Хабаровск
62341563823985423645,2024-05-08,nikandr1996@example.net,+70181176333,Евсей Терентьевич Лобанов,Male,к. Уфа
43772760854146288287,2024-08-02,ostap_1974@example.com,+7 425 396 24 23,Парфен Теймуразович Зиновьев,Male,с. Солнечногорск
77184826273319819546,2024-09-22,prokofi2019@example.org,+7 430 618 63 11,Януарий Тарасович Зуев,Male,д. Долинск
90869565358251053708,2024-06-24,koshelevamaja@example.net,+7 628 062 88 30,Евграф Феликсович Беляков,Male,с. Меренга
34511396812663595384,2024-08-28,ignatovmitofan@example.org,85041000978,Станислав Анисимович Морозов,Male,клх Малоярославец
27529872633263996779,2024-08-30,vlas95@example.com,8 (987) 411-0202,Лора Борисовна Бирюкова,Female,д. Красноуральск
93687981763487781477,2024-11-23,spartakantonov@example.com,8 (189) 616-79-69,Соловьева Зинаида Макаровна,Female,г. Александровск
81061870886364868069,2024-04-02,mechislavvorobev@example.com,+7 (346) 356-5840,Серафим Феликсович Аксенов,Male,клх Ярославль
52999144116783010605,2024-05-28,martinovostromir@example.net,8 (736) 844-43-06,Семен Дорофеевич Крылов,Male,ст. Красная Поляна
36007455240864478620,2024-01-21,isaevolimpi@example.org,+7 620 708 9576,Евдокимов Мартын Давыдович,Male,п. Чита
44321484345359442853,2024-05-08,csmirnova@example.com,8 (646) 799-26-66,Наум Алексеевич Гущин,Male,к. Середниково
06516702129057410270,2024-03-31,ratmir45@example.com,+7 437 917 5658,Кудрявцев Зиновий Архипович,Male,п. Елатьма
32866506284857276657,2024-11-18,antonovnikodim@example.com,8 (607) 527-7074,Петухова Алина Романовна,Female,п. Усинск
33736274707960758707,2024-06-06,maja64@example.org,8 293 076 3373,Иосиф Андреевич Жуков,Male,г. Забайкальск
10729235035891506189,2024-12-09,turovkondrat@example.org,8 (831) 964-18-55,Зыкова Глафира Борисовна,Female,п. Тимашевск
57257409553460834200,2024-12-16,savvati_1979@example.org,+7 057 819 1789,Клавдий Бенедиктович Гурьев,Male,к. Лабинск
18521198786519742736,2024-03-28,kuprijan1984@example.com,8 (778) 986-9863,Вера Архиповна Нестерова,Female,клх Шатой
72578398057867584745,2024-06-08,alevtina2007@example.com,+72898198611,Леонтий Устинович Борисов,Male,клх Борзя
89384134562129995735,2024-09-29,krasilnikovvsevolod@example.com,+75694482696,Вероника Рудольфовна Савельева,Female,клх Стерлитамак
41102690016827815333,2024-05-20,aristarh_1971@example.org,+7 (491) 313-57-22,Носков Евграф Игоревич,Male,п. Петушки
12128622902021465224,2024-06-11,vatslav_1980@example.com,+7 231 118 7581,Варлаам Бенедиктович Родионов,Male,клх Сызрань
15560949097447721235,2024-11-10,makar_1972@example.com,8 264 743 15 86,Дарья Федоровна Андреева,Female,г. Красноуральск
93939848473318886036,2024-08-28,fedor90@example.org,+79931779482,Маркова Наина Николаевна,Female,г. Андреаполь
52622637758765290091,2024-07-17,aleksandrovisa@example.org,+75105450473,Шестаков Святополк Фадеевич,Male,с. Холмск
91723082369482916785,2024-05-30,averki98@example.org,+7 641 234 06 60,Никитин Лазарь Гордеевич,Male,п. Каспийск
20400242184263816322,2024-01-18,agge_99@example.org,82842238514,Елизавета Никифоровна Капустина,Female,п. Рязань
00303071384622762657,2024-05-06,evstignekiselev@example.com,+7 610 718 63 48,Харитон Ерофеевич Рыбаков,Male,п. Нязепетровск
72650788127624688485,2024-11-10,antonin_08@example.org,+7 (361) 928-69-96,Лыткина Валентина Юрьевна,Female,г. Шенкурск
36686256334197838074,2024-02-07,sinklitikija_56@example.org,+7 (149) 905-8496,Наина Геннадьевна Лихачева,Female,клх Петропавловск-Камчатский
39320121537016840342,2024-12-04,ferapont_1993@example.com,8 159 468 45 53,Большаков Соломон Августович,Male,ст. Аргаяш
64935072192155364590,2024-06-28,amos2021@example.net,8 500 337 82 90,тов. Тихонов Арефий Аверьянович,Male,г. Кулу
40425815538017044447,2024-08-30,fedorovzinovi@example.com,+7 (296) 679-48-99,Агафонова Ирина Игоревна,Female,п. Одинцово
02659604499290862386,2024-02-02,feliks90@example.com,+7 270 917 06 10,Данилова Агафья Петровна,Female,п. Горячинск
71959213089374182520,2024-03-18,lev85@example.net,8 361 912 48 01,Ермолай Харлампович Савельев,Male,клх Шереметьево
35979577891467720288,2024-02-01,nikodim_84@example.com,+7 (836) 012-57-25,Харлампий Теймуразович Копылов,Male,клх Абинск
98626231336297888151,2024-06-24,gordeevgedeon@example.org,+76975643245,Ия Дмитриевна Давыдова,Female,г. Аша
86134032430267712558,2024-11-14,vikenti2004@example.org,86507118365,Светозар Борисович Агафонов,Male,клх Кропоткин (Краснод.)
35183211797822259699,2024-04-25,antonovgerasim@example.com,8 (330) 201-18-64,Ратибор Гурьевич Емельянов,Male,ст. Петухово
32106356917820536242,2024-11-05,miroslavpopov@example.org,+7 (342) 162-85-69,Потапова Валентина Леонидовна,Female,п. Кежма
50320968439216054471,2024-01-22,seleznevaekaterina@example.org,+7 (890) 657-1160,Филиппова Нина Кирилловна,Female,г. Шилка
58216535571526127070,2024-12-06,filippovdenis@example.org,+7 (410) 123-0473,Артемьева Алина Геннадьевна,Female,п. Бугуруслан
23643929971159795016,2025-05-16,jakushevadarja@example.net,81107309275,Антип Трифонович Тарасов,Male,г. Малгобек
73178893932766410030,2025-09-08,shestakovmechislav@example.net,+79888143294,Филимон Фадеевич Комаров,Male,с. Кабанск
48259026658468804432,2025-08-31,agafon_2001@example.org,+7 (443) 836-8984,Александра Владиславовна Потапова,Female,ст. Светлогорск (Калин.)
14937281371316514926,2025-08-15,eafanaseva@example.org,+7 637 550 21 95,Ильин Натан Ааронович,Male,к. Старый Оскол
08146732124319000063,2025-02-27,solomontarasov@example.net,8 (267) 994-83-18,Ершов Авксентий Ильясович,Male,д. Пятигорск
18489431134720566896,2025-04-25,fbeljaev@example.org,8 (068) 805-3062,Рожкова Жанна Аскольдовна,Female,п. Санкт-Петербург
85829899786040661164,2025-07-01,sharapovauljana@example.org,8 698 413 46 11,Рябов Пров Ильясович,Male,к. Кудымкар
70524655917535412251,2025-07-26,ziminvjacheslav@example.com,80110565353,Валерия Эльдаровна Потапова,Female,д. Красная Поляна
73383484983531143976,2025-06-07,velimir_57@example.net,8 932 233 63 45,Потапова Таисия Ниловна,Female,п. Горячий Ключ
16913573182574543329,2025-01-01,panfilovaevgenija@example.net,8 (439) 598-57-84,Юлий Евстигнеевич Горшков,Male,клх Сковородино
60249227456971252053,2025-11-22,suhanovafinogen@example.com,+79926549713,Муравьева Полина Феликсовна,Female,д. Петушки
40578241973473557273,2025-03-07,filatovdenis@example.org,+7 (078) 769-3264,Агафонов Геннадий Яковлевич,Male,п. Пермь
01507067915445117808,2025-04-07,nikolaevljubosmisl@example.com,+7 (581) 329-9470,Николаев Милан Изотович,Male,п. Гдов
73424527638258140355,2025-04-02,sevastjan_10@example.net,+7 (334) 975-5344,Милен Владленович Воронцов,Male,клх Белоярский
02895674352689251870,2025-12-07,qkomissarova@example.net,8 181 759 8934,Вишнякова Виктория Архиповна,Female,к. Чебаркуль
17938223707435241622,2025-09-06,klavdija_2002@example.org,+7 673 371 50 69,Зинаида Антоновна Веселова,Female,п. Орел
71312273108405598273,2025-05-29,konon1974@example.org,+7 859 094 7956,Зыков Дмитрий Брониславович,Male,г. Тавда
91791093551135723977,2025-05-04,ipat38@example.org,+73092877055,Будимир Евсеевич Коновалов,Male,к. Салават
67360295395657244735,2025-04-20,guri_80@example.org,+77016426656,тов. Колесникова Евгения Рубеновна,Female,клх Тосно
77076681539048634196,2025-11-24,bazhenmuhin@example.com,+7 094 465 2072,Регина Алексеевна Константинова,Female,клх Ржев
26692311665585323623,2025-04-16,veronika_2000@example.com,+7 790 793 2394,Агафья Яковлевна Кириллова,Female,п. Амурск
32112896365081945486,2025-09-24,veselovsamson@example.org,+7 (648) 139-22-93,Субботин Корнил Филатович,Male,п. Уварово
29726214724356334080,2025-12-20,izot_90@example.org,+7 (888) 479-5493,Гуляев Гостомысл Фомич,Male,г. Кириши
98809170670660643121,2025-10-14,sharovaoksana@example.com,+7 (715) 750-35-80,Милица Эдуардовна Жданова,Female,г. Лянтор
37155144242887017936,2025-10-27,borislav_1998@example.net,8 843 424 66 13,Уваров Анатолий Евсеевич,Male,ст. Буйнакск
51512874951430182901,2025-05-20,belousovgerasim@example.net,8 820 015 86 75,Федосеев Георгий Эдгардович,Male,к. Челюскин
27508235015025256617,2025-01-29,nikitinvisheslav@example.com,8 573 010 6555,Михей Феофанович Тарасов,Male,г. Котлас
24978984118390216948,2025-11-26,doroninnifont@example.net,+7 (600) 320-14-51,Марина Викторовна Баранова,Female,к. Ясный (Оренб.)
42064964069502782600,2025-08-08,praskovja_1984@example.org,+79175006364,Валерия Геннадьевна Баранова,Female,с. Ирбит
35271860574524504225,2025-11-30,fmatveeva@example.com,8 656 781 48 30,Королева Клавдия Кузьминична,Female,д. Домбай
00007676045087414454,2025-06-15,arkadi_1993@example.org,+7 817 722 48 00,Устин Игнатьевич Шаров,Male,к. Мокшан
85268138597334643477,2025-09-10,klavdivorobev@example.com,+7 (864) 640-5135,Модест Исидорович Елисеев,Male,клх Тында
93536124094360114203,2025-03-12,ernestmironov@example.com,+7 772 962 88 43,Савина Феврония Харитоновна,Female,клх Двинской
02144286367751865210,2025-07-05,davidovvarlaam@example.com,8 (974) 993-0795,Дорофей Александрович Федоров,Male,г. Кингисепп
36626395212972807509,2025-10-05,kozlovaalevtina@example.org,88028609073,Ростислав Анисимович Гурьев,Male,п. Андреаполь
16135144786468301307,2025-08-10,kornilovprokl@example.net,8 (823) 802-13-05,Артемьев Архип Вячеславович,Male,с. Кежма
24408833723499867663,2025-09-04,voronovaljubov@example.com,+7 294 027 35 02,Елизавета Игоревна Лаврентьева,Female,клх Шали
71173007940037188382,2025-02-26,tvorimir72@example.org,8 635 566 0483,Овчинников Евграф Эдгардович,Male,п. Белореченск
75112817778484738461,2025-01-28,pbobilev@example.com,+7 (763) 925-2166,Лариса Федоровна Рогова,Female,ст. Кострома
79963229185301708811,2025-04-18,pkozlov@example.org,+7 (442) 336-56-38,Иосиф Филимонович Комаров,Male,клх Гусь-Хрустальный
93031032971360404206,2025-01-31,valeri04@example.org,+7 454 372 54 67,Силина Кира Алексеевна,Female,клх Ессентуки
42750373012016945222,2025-01-13,rvoronov@example.net,80135384859,Рубен Гордеевич Кудрявцев,Male,клх Раменское
82480361986447795823,2025-01-06,georgi61@example.com,8 (907) 511-7461,Гремислав Антонович Бобылев,Male,г. Тура
51868525172172419701,2025-11-03,anzhela_96@example.org,83478915912,Радован Ефимович Дмитриев,Male,д. Кирово-Чепецк
14976103169539972806,2025-11-28,georgiilin@example.net,8 (686) 982-8153,Дорофеев Виктор Изотович,Male,к. Мурманск
00488066488433698573,2025-05-20,fedosi15@example.org,8 305 162 2449,Доронин Ферапонт Гертрудович,Male,ст. Егорьевск
67100166749298547529,2025-12-30,danila44@example.net,8 (450) 385-2907,Евлампий Харламович Горбачев,Male,с. Домодедово
28519652455694881849,2025-10-04,suhanovaregina@example.org,80575189332,Харитонов Никита Ааронович,Male,ст. Саянск
26464783360509533542,2025-08-16,gedeon_65@example.org,+7 (858) 427-63-88,Терентий Ильясович Сидоров,Male,п. Петропавловск-Камчатский
94805342146027645435,2025-01-21,fedorisakov@example.com,+7 421 069 43 44,Костин Автоном Викторович,Male,д. Курск
32388572075056440153,2025-04-18,dmitrievavtonom@example.net,8 (380) 594-15-60,Григорьев Болеслав Вилорович,Male,д. Троицко-Печорск
55859866900321475476,2025-11-30,belovaakulina@example.com,+71859210587,Родионов Януарий Феоктистович,Male,д. Агата
57351102253334229563,2025-05-20,zhanna72@example.com,87923520397,Валерия Геннадьевна Мишина,Female,д. Енисейск
61169313792883958194,2025-02-17,vadim_07@example.org,+7 812 406 4150,Ефремова Иванна Кузьминична,Female,п. Диксон
42460788665684665835,2025-08-13,kapiton_13@example.org,8 457 173 00 76,Гришин Демьян Ильич,Male,д. Анива
47768788042333285963,2025-04-10,hohlovsila@example.com,8 (792) 762-02-93,Конон Викентьевич Максимов,Male,к. Краснодар
62790552454555240311,2025-11-04,grigorevanonna@example.com,81374628571,Гаврилова Виктория Леоновна,Female,клх Сасово
81172089397106528463,2025-11-12,bespalovtrofim@example.com,8 158 764 89 61,Вероника Сергеевна Герасимова,Female,с. Курск
81938848617417678652,2025-06-25,tarasovostromir@example.net,+7 047 463 0068,Афанасьева Акулина Николаевна,Female,п. Катайск
81229951156898634879,2025-04-04,lavrentevmstislav@example.org,8 (356) 507-9810,Третьяков Изяслав Демидович,Male,клх Губкинский
39756061096990260303,2025-05-09,kkuznetsov@example.net,8 367 278 1655,Исаев Казимир Алексеевич,Male,г. Куртамыш
62737039567921839813,2025-06-23,shilovanisim@example.com,8 (397) 820-86-24,Галкин Петр Феофанович,Male,д. Апатиты
53340806599896977423,2025-06-23,vlas_93@example.com,8 989 017 6200,Макар Юльевич Назаров,Male,клх Томпа
26788252076719139920,2025-09-21,vlas2005@example.com,8 225 013 74 25,Иларион Валерьянович Кулагин,Male,с. Кяхта
69756485054690606371,2025-10-16,efrem1995@example.org,8 (055) 373-02-97,Исидор Яковлевич Зыков,Male,г. Новая Игирма
82847646959490525044,2025-12-05,gavrilovserafim@example.org,8 (814) 426-5726,Добромысл Устинович Орехов,Male,с. Холмогоры
75866460308198067700,2025-11-08,samuil2006@example.com,8 049 106 7159,Чернова Ангелина Феликсовна,Female,ст. Печора
24619416547655365107,2025-06-30,baranovnaum@example.org,8 813 388 6608,Попова Елизавета Петровна,Female,ст. Усть-Камчатск
55347193769238287360,2025-03-19,feliksjakushev@example.org,8 416 278 42 86,Самсон Демьянович Герасимов,Male,с. Сорочинск
28068203831243279883,2025-01-03,kondratevarseni@example.com,+7 341 473 0870,Иларион Августович Николаев,Male,клх Сладково
58246988671143879809,2025-05-19,maksimovaraisa@example.com,8 474 881 1471,Мишин Кир Феодосьевич,Male,с. Нальчик
33575748048094773251,2025-11-29,dmitri11@example.org,82939804721,Галкин Адриан Георгиевич,Male,клх Тихорецк
82593472943524323874,2025-05-09,qarhipov@example.net,8 467 097 1137,Никитин Филимон Валентинович,Male,ст. Мыс Шмидта
06450344397733816444,2025-08-02,klavdija_46@example.com,85382026355,Фокин Мечислав Захарьевич,Male,г. Талдом
11567747221412794843,2025-03-14,dementi_06@example.com,+7 298 920 72 92,Поляков Амос Ефстафьевич,Male,ст. Палана
71808723000744081338,2025-12-04,serafim18@example.org,8 170 666 84 67,Емельянов Ярополк Абрамович,Male,г. Тамбей
98399526854637470710,2025-03-31,medvedevprokofi@example.com,+71310955223,Марков Кондратий Ефимьевич,Male,ст. Коломна
90062749195378122587,2025-05-22,nesterovalora@example.org,+7 (565) 572-6957,Викентий Августович Чернов,Male,ст. Шатой
75380624160348014021,2025-02-19,nesterovaantonina@example.net,8 154 478 72 31,Корнилова Лукия Матвеевна,Female,к. Надым
16044933227462600109,2025-11-22,korolevaakulina@example.org,+7 291 474 81 36,Анастасия Эдуардовна Денисова,Female,клх Воткинск
00055240854162501024,2025-02-10,vnosova@example.com,+7 (557) 811-5741,Лаврентий Викентьевич Архипов,Male,д. Кунгур
84078547980340252141,2025-10-04,ndmitrieva@example.org,8 (911) 597-4608,Меркушев Ермолай Денисович,Male,клх Баргузин
02768916047925755693,2025-07-13,kir1980@example.com,83323289975,Виктор Авдеевич Кошелев,Male,с. Воркута
36368595892646826279,2025-05-31,ckrjukov@example.org,+78074639574,Леонтий Аксёнович Меркушев,Male,д. Тихвин
22864768403061447483,2025-09-06,bikovaevpraksija@example.net,+7 (769) 626-0637,Юрий Анисимович Соловьев,Male,с. Долинск
56355822538994879407,2025-07-16,potapovairina@example.org,+7 (177) 041-69-22,Ладимир Зиновьевич Белоусов,Male,д. Нязепетровск
44107005675478923087,2025-12-14,nikandr_02@example.com,+7 (976) 463-41-29,Елизавета Борисовна Блинова,Female,с. Жуковский
68266000815947738609,2025-06-27,demid11@example.net,+7 (590) 120-9675,Людмила Валентиновна Кошелева,Female,клх Чехов
29463074302836200584,2025-11-17,shilovfilipp@example.org,8 691 307 1155,Одинцова Валентина Вячеславовна,Female,клх Североморск
46827354077720980519,2025-09-25,osip2013@example.com,8 (399) 396-00-06,Сергеев Ферапонт Афанасьевич,Male,с. Курумкан
11298987463750674130,2025-02-12,agafja_1986@example.org,8 226 752 1266,Бронислав Чеславович Алексеев,Male,г. Тотьма
92170948257953994959,2025-02-03,afinogen_38@example.com,87301348463,Сорокина Полина Мироновна,Female,клх Сибай
00013466697331220613,2025-05-27,firs_50@example.net,8 718 602 49 00,Фаина Эльдаровна Куликова,Female,п. Саратов
81637835693416951795,2025-11-09,evlampi1978@example.org,+75792368117,Евстафий Филимонович Панов,Male,ст. Агата
10336062110487794500,2025-01-13,sofija_89@example.com,+7 571 178 4628,Игнатий Фокич Сергеев,Male,с. Екатеринбург
44303350014937662942,2025-06-05,doroninivan@example.com,8 (370) 970-43-01,Ульяна Владиславовна Русакова,Female,клх Железногорск(Курск.)
03772478189931483247,2025-12-11,andreevvjacheslav@example.org,+7 (121) 456-40-43,Александра Кузьминична Ковалева,Female,к. Оленегорск (Якут.)
43154784705332250612,2025-11-13,vorontsovuljan@example.com,+74365339934,Уваров Кондратий Евсеевич,Male,д. Чикола
10328380288200132756,2025-09-30,guri_2017@example.net,87471995618,Борисов Мокей Харламович,Male,клх Новгород Великий
09891322222261871688,2025-01-17,isa1996@example.net,8 (370) 895-4558,Андроник Бориславович Ширяев,Male,ст. Джубга
37692944030393483116,2025-03-06,kononovamilitsa@example.org,+7 (226) 799-04-34,Петр Васильевич Ермаков,Male,к. Находка
13861736021622490456,2025-04-15,vadim_1988@example.org,86336658533,Кулаков Филимон Васильевич,Male,г. Пенза
73358107786309395320,2025-03-17,vlaskomarov@example.com,+7 (940) 114-7864,Аким Филатович Котов,Male,п. Сосьва (Хант.)
72476286906328339573,2025-03-02,xmihalov@example.org,87034875907,Трофимов Иннокентий Викентьевич,Male,г. Шелехов
98144943274320216280,2025-04-28,matveevapollinari@example.com,+7 (684) 509-05-38,Нинель Владиславовна Захарова,Female,ст. Слюдянка
99846133021398631039,2025-07-17,baranovevgraf@example.net,+7 404 998 9535,Пахомов Радован Димитриевич,Male,ст. Адлер
90193373206549119347,2025-05-05,ksuvorov@example.com,+7 (033) 059-1375,Щукина Елена Павловна,Female,ст. Тверь
09156630844031102605,2025-07-30,valeri31@example.net,+70372157369,Пров Дорофеевич Соколов,Male,клх Канск
88143977853380345613,2025-09-19,kapiton_1977@example.com,+7 038 924 8169,Евфросиния Святославовна Никитина,Female,к. Ярославль
56767454485833153073,2025-08-07,lukinamvrosi@example.com,+7 633 509 7834,г-н Савин Фадей Измаилович,Male,г. Чикола
64933052339570712053,2025-12-26,rostislav1975@example.org,85783585840,тов. Гурьев Аскольд Владиславович,Male,д. Терскол
97057151174493524186,2025-04-06,jvolkova@example.org,8 918 278 3006,Виктория Рудольфовна Воробьева,Female,г. Октябрьский (Башк.)
83310515891374472588,2025-04-24,anatolikrjukov@example.com,8 037 531 6961,Никодим Устинович Федоров,Male,с. Быково (метеост.)
08416130853940453966,2025-09-16,fedotovazinaida@example.org,+7 (007) 588-34-92,Ростислав Марсович Семенов,Male,д. Валаам
84577547437582089719,2025-07-16,strelkovnatan@example.org,+7 (325) 276-8672,Евдокия Ниловна Афанасьева,Female,к. Ейск
43361407282759544215,2025-09-07,jkonovalov@example.com,82524444048,Демид Тимурович Пахомов,Male,ст. Пушкинские Горы
68832600860374654828,2025-09-05,noskovparamon@example.net,+7 343 302 78 10,Дарья Геннадьевна Гришина,Female,г. Лянтор
25908076967327305036,2025-08-22,karpovratibor@example.org,+77592646328,Ершова Наина Кузьминична,Female,г. Красногорск (Моск.)
66450430312539630928,2025-02-15,kolobovkallistrat@example.com,+7 187 770 8729,Нонна Матвеевна Колесникова,Female,д. Урай
93244103420516053045,2025-08-03,fokinakira@example.net,8 (301) 745-1507,Молчанов Евсей Денисович,Male,д. Горно-Алтайск
15221118063286705159,2025-04-19,ninel03@example.org,8 272 178 9468,Карпов Игорь Виленович,Male,г. Шахты
99376572203166946429,2025-09-20,ostap_1994@example.org,8 (224) 989-5469,Якушев Феофан Евсеевич,Male,с. Тамбей
32313150677654259907,2025-11-21,makarovipati@example.net,8 553 826 8214,Изяслав Евстигнеевич Кондратьев,Male,п. Махачкала
80565110401981666626,2025-01-21,mamontovaolimpiada@example.net,8 887 084 54 93,Нестерова Агата Вениаминовна,Female,г. Щельяюр
38896807544291789694,2025-11-13,kapustinanina@example.com,8 881 357 06 76,Агафья Вениаминовна Беспалова,Female,г. Воркута
17062113885640299629,2025-02-25,efremovipat@example.org,89791273251,Мартьян Харлампьевич Меркушев,Male,г. Мураши
87373058305382639794,2025-12-24,ipat_1985@example.com,+7 (924) 370-87-46,Алла Архиповна Абрамова,Female,клх Кириши
15705130100153936915,2025-05-18,tamara_1990@example.org,8 (174) 947-8125,Зинаида Никифоровна Зимина,Female,клх Томпа
47453521203777178849,2025-10-31,tsvetkovaksenija@example.net,8 (675) 193-2719,Яковлев Спиридон Александрович,Male,п. Туруханск
09698055231996945368,2025-08-08,sofon_1997@example.org,88827956562,Денисов Радислав Аксёнович,Male,с. Сибай
22647619239528202281,2025-07-04,pestovmilan@example.org,81558516447,Исаева Фаина Матвеевна,Female,ст. Каменномостский
16126236356697741845,2025-12-10,matveevvitali@example.com,+7 (832) 154-4767,Прохорова Евфросиния Семеновна,Female,к. Инта
87399365621684550138,2025-09-03,mark2001@example.com,+7 (605) 042-49-26,Маслова Виктория Николаевна,Female,ст. Кропоткин (Краснод.)
24967824214752772545,2025-12-27,lora_84@example.com,+7 227 279 03 43,Одинцова Нина Константиновна,Female,д. Кировск (Мурм.)
03076875657819155687,2025-02-19,viktorin1981@example.net,8 (591) 423-5193,Суханова Дарья Семеновна,Female,ст. Сузун
11436787703655189433,2025-04-04,sharovmefodi@example.net,+7 (015) 890-00-59,Симонова Антонина Андреевна,Female,г. Елец
80114363113584964898,2025-05-16,fedot1980@example.com,+7 524 189 5161,Воронцова Дарья Аркадьевна,Female,д. Лотошино
10512692660765875422,2025-07-28,cmuravev@example.org,+72554696670,Семен Еремеевич Сафонов,Male,ст. Минеральные Воды
85050339849970201194,2025-02-04,foma_2017@example.org,+7 (637) 547-8480,Тетерин Владилен Филимонович,Male,к. Северобайкальск
89311645378936898438,2025-11-22,kudrjashovadarja@example.com,8 (824) 069-39-98,Михеев Евстафий Юлианович,Male,с. Рубцовск
48674293375722142714,2025-07-21,zinovisorokin@example.org,8 933 588 5444,Зуев Эммануил Евсеевич,Male,п. Кизляр
38311764695180534489,2025-12-10,osipovaksenija@example.net,+72193767631,Бирюков Ювеналий Ааронович,Male,клх Пушкино (Моск.)
16981336358336481322,2025-08-14,kudrjashovsvjatoslav@example.net,8 (261) 936-7446,Алина Геннадьевна Воронцова,Female,к. Стрежевой
57536016628421860162,2025-11-22,zahar00@example.com,+7 623 796 33 15,Дорофеев Аполлинарий Адамович,Male,к. Хасан
74852997835347573456,2025-11-05,galina20@example.org,+7 (222) 409-2553,Майя Максимовна Калашникова,Female,клх Байкальск
87563329083957622985,2025-08-12,nikolaevasvetlana@example.org,80695288395,Силантий Фадеевич Сысоев,Male,с. Кущевская
58774703276603497213,2025-01-31,vlasovemil@example.org,8 (775) 564-7210,Аггей Ааронович Шаров,Male,к. Эльбрус
92611550318252770656,2025-02-06,evlampi_58@example.com,8 977 572 6466,Иванна Семеновна Дементьева,Female,ст. Южно-Курильск
25738479042070476207,2025-09-05,kliment1993@example.com,8 (110) 820-8261,Николаев Аркадий Афанасьевич,Male,с. Тобольск
44492940431365735837,2025-03-13,irina1978@example.com,8 888 007 4287,Горбунова Надежда Львовна,Female,с. Соль-Илецк
56047775997584012609,2025-03-14,silinajulija@example.com,8 (297) 485-92-38,Данила Феофанович Емельянов,Male,к. Нерчинск
92707602585457701742,2025-06-19,oktjabrina_2018@example.com,+7 (223) 159-1793,Копылова Ульяна Матвеевна,Female,г. Кабанск
37068704179070608248,2025-06-10,zinovi_94@example.net,8 (152) 413-86-92,Алла Святославовна Кудряшова,Female,ст. Якутск
48886802027866803360,2025-07-07,yvorobeva@example.net,+7 101 452 71 40,Данилов Зосима Иосифович,Male,п. Чермоз
09614811271731764036,2025-10-07,ljudmila_69@example.org,8 500 900 4416,Геннадий Егорович Антонов,Male,клх Обоянь
94887136557830052067,2025-03-06,fadeevaangelina@example.com,8 (054) 080-6740,Вера Аркадьевна Носкова,Female,с. Гремячинск (Бурят.)
43791081680194294380,2025-11-08,zikovavalerija@example.com,8 334 432 88 45,Николаев Мефодий Феоктистович,Male,к. Моршанск
36141668917882792092,2025-07-12,pankratsharapov@example.com,89343369098,Васильева Лукия Кузьминична,Female,с. Пышма
76614430758010234426,2025-09-03,erast88@example.org,84383958628,Беляев Карл Афанасьевич,Male,к. Яр-Сале
07773913057741509209,2025-02-05,sevastjan1977@example.org,+7 601 023 65 29,Раиса Артемовна Калашникова,Female,д. Торжок
